recipient_org,recipient_org_unique
International Organization for Migration,IOM
UNFPA/IOM,IOM
IOM - ETH,IOM
IOM GENEVA - CHE,IOM
WFP,WFP
DEPUTY DIRECTOR NUTRITION WFP,WFP
WORLD FOOD PROGRAMME (WFP) - HTI,WFP
WFP SOMALIA ( Somalia Off.),WFP
World Food Programme,WFP
The UN WORLD FOOD PROGRAMME,WFP
THE UNITED NATIONS WORLD FOOD PROGRAMME,WFP
World Food Programme - TZA,WFP
WORLD FOOD PROGRAMME (WFP) - HTI,WFP
UNHCR,UNHCR
United Nations High Commissioner for Refugees,UNHCR
Multi-donor flexible humanitarian contribution (UNICEF Global Humanitarian Thematic),UNICEF
Multi-donor flexible humanitarian contribution (UNICEF Regional Humanitarian Thematic),UNICEF
UNICEF,UNICEF
UNITED NATIONS CHILDREN'S FUND (UNICEF),UNICEF
UNICEF - USA,UNICEF
UNICEF (UNITED NATIONS CHILDREN'S FUND.),UNICEF
UNICEF ECA - TTO,UNICEF
UNICEF BURUNDI OFFICE,UNICEF
